src,dst,weight
0,1,99.99999999998899
1,0,99.99999999998899
0,2,99.99999999976694
2,0,99.99999999976694
1,3,99.99999999976694
3,1,99.99999999976694
2,3,99.99999999998899
3,2,99.99999999998899
2,4,100.00000000047748
4,2,100.00000000047748
3,5,100.00000000047748
5,3,100.00000000047748
4,5,99.99999999998899
5,4,99.99999999998899
1,2,169.7056274845643
